plant_name,plant_type,soil_type,soil_ph,soil_nitrogen,soil_phosphorus,soil_potassium,plant_age_weeks,last_watered_days,temperature,humidity,rainfall,season,sunlight_exposure,pot_or_ground,watering_status
snake_plant,flowering,sandy,6.82,191.1,94.6,276.0,33,14,34.0,69.9,38.6,monsoon,partial_sun,ground,2
snake_plant,flowering,loamy,6.92,168.4,24.6,122.4,83,1,39.8,67.3,89.2,winter,partial_sun,pot,0
aloe_vera,flowering,loamy,6.56,236.4,86.1,309.0,44,6,35.5,59.3,134.3,winter,indirect_light,ground,2
spider_plant,flowering,clayey,7.17,296.1,62.1,151.5,88,4,15.5,84.0,23.6,winter,indirect_light,ground,0
aloe_vera,flowering,clayey,6.55,158.0,43.3,283.6,43,11,39.3,36.3,18.1,winter,full_sun,pot,0
money_plant,foliage,clayey,6.02,174.0,75.4,204.5,76,12,16.0,49.3,193.5,monsoon,indirect_light,ground,0
mint,foliage,clayey,6.01,238.0,61.0,196.3,7,0,39.9,50.5,184.1,spring,indirect_light,ground,2
rose,foliage,clayey,7.44,264.2,29.4,321.9,17,0,25.4,88.9,133.6,spring,low_light,ground,1
cactus,flowering,clayey,6.89,124.3,94.0,391.3,88,12,26.9,80.3,168.9,summer,partial_sun,pot,0
spider_plant,foliage,sandy,6.89,146.1,79.0,374.6,75,7,24.9,27.5,67.1,winter,partial_sun,pot,0
mint,flowering,loamy,7.37,256.9,75.8,314.3,71,0,18.1,28.8,170.1,spring,partial_sun,pot,1
spider_plant,foliage,loamy,5.95,149.2,91.4,144.0,30,4,20.8,60.7,172.6,summer,full_sun,ground,0
aloe_vera,flowering,loamy,7.43,189.6,90.6,156.6,100,2,33.1,82.8,177.4,monsoon,partial_sun,pot,0
snake_plant,foliage,loamy,6.29,83.3,32.7,384.8,86,9,37.7,89.4,41.7,spring,full_sun,ground,2
peace_lily,flowering,sandy,6.79,217.2,89.1,169.1,49,2,29.3,73.8,8.7,winter,partial_sun,pot,0
basil,foliage,loamy,6.12,108.0,56.7,334.4,85,7,34.1,79.9,120.6,winter,partial_sun,pot,1
spider_plant,foliage,clayey,6.81,110.1,35.3,375.5,88,9,36.0,72.6,45.7,spring,partial_sun,ground,1
cactus,foliage,sandy,6.84,251.4,95.7,220.1,12,12,39.8,21.8,120.7,spring,low_light,pot,2
basil,foliage,loamy,6.8,88.0,24.9,334.2,11,8,16.5,89.6,11.6,spring,indirect_light,ground,1
peace_lily,flowering,clayey,7.17,93.3,51.3,154.7,5,1,25.6,34.6,113.5,spring,full_sun,ground,0
peace_lily,flowering,clayey,6.16,245.4,55.0,288.3,56,10,36.1,42.7,137.5,monsoon,low_light,pot,2
cactus,flowering,loamy,6.97,182.1,83.5,397.2,9,9,35.7,40.6,2.9,monsoon,low_light,ground,1
basil,foliage,sandy,7.26,189.5,96.8,114.6,16,6,16.1,33.0,108.3,spring,full_sun,ground,2
snake_plant,foliage,clayey,5.79,141.9,25.5,107.7,26,14,39.1,58.5,193.2,monsoon,low_light,ground,1
basil,foliage,clayey,6.35,255.5,20.1,190.3,9,3,26.9,46.8,24.0,summer,low_light,pot,1
money_plant,foliage,clayey,6.01,140.5,57.8,113.7,9,2,21.9,88.0,66.3,monsoon,indirect_light,pot,1
peace_lily,foliage,clayey,7.15,130.0,91.6,216.8,13,12,37.6,26.4,63.9,spring,low_light,pot,0
rose,flowering,sandy,6.36,185.2,75.7,310.6,66,12,27.5,48.8,174.1,summer,low_light,pot,1
tomato,flowering,loamy,5.76,258.9,49.6,212.4,36,6,26.1,89.6,109.1,monsoon,low_light,ground,1
peace_lily,flowering,sandy,6.14,209.1,31.9,308.6,77,13,39.5,34.7,165.0,summer,indirect_light,ground,1
spider_plant,foliage,clayey,6.85,59.5,69.6,309.5,5,0,16.0,45.5,19.7,summer,low_light,ground,2
snake_plant,foliage,clayey,6.17,219.4,25.8,161.6,40,3,39.6,74.9,146.7,winter,full_sun,ground,1
rose,foliage,loamy,7.09,295.3,94.6,380.2,100,3,26.7,69.4,184.4,spring,indirect_light,pot,2
basil,flowering,sandy,6.33,238.5,21.7,180.7,10,0,38.8,23.0,53.1,spring,full_sun,pot,1
basil,foliage,loamy,6.92,73.9,45.4,390.6,32,8,22.8,78.6,10.0,spring,low_light,pot,2
aloe_vera,foliage,sandy,6.3,251.5,67.4,149.8,25,4,16.7,26.3,120.2,monsoon,full_sun,pot,2
money_plant,flowering,clayey,7.1,156.3,21.8,180.6,41,1,30.8,38.1,27.9,winter,low_light,pot,0
spider_plant,flowering,clayey,6.73,268.4,77.9,136.2,3,12,16.7,57.4,28.4,winter,low_light,pot,1
snake_plant,flowering,clayey,7.15,155.9,73.4,128.7,37,9,26.3,61.1,33.6,spring,indirect_light,ground,0
aloe_vera,foliage,loamy,6.85,109.8,80.6,328.0,3,5,25.3,34.7,195.3,spring,low_light,pot,2
money_plant,flowering,loamy,5.56,245.5,39.2,143.3,32,3,15.7,56.7,43.7,winter,full_sun,ground,2
snake_plant,flowering,loamy,6.68,225.2,35.5,234.2,13,5,31.4,48.8,132.7,monsoon,low_light,ground,2
rose,foliage,sandy,6.86,128.0,81.9,331.9,93,9,36.4,60.3,15.3,spring,full_sun,pot,1
tomato,flowering,loamy,5.51,204.9,48.4,338.3,21,0,29.7,53.7,128.5,summer,partial_sun,ground,1
snake_plant,flowering,sandy,6.12,83.2,60.9,101.6,4,4,36.6,61.1,116.2,monsoon,partial_sun,ground,2
cactus,foliage,clayey,5.73,113.6,43.6,259.0,44,10,29.8,30.4,34.4,winter,full_sun,ground,2
rose,foliage,clayey,7.22,230.7,25.4,312.4,18,1,17.0,52.1,96.9,spring,full_sun,ground,1
tomato,flowering,sandy,5.83,175.1,75.3,309.1,55,9,28.9,72.3,162.1,spring,low_light,ground,2
snake_plant,flowering,clayey,5.53,71.4,36.6,108.0,20,3,31.1,69.3,182.1,monsoon,partial_sun,ground,0
tomato,flowering,clayey,6.41,142.3,29.7,225.7,85,0,16.8,25.6,71.0,monsoon,full_sun,ground,1
peace_lily,flowering,loamy,6.97,178.1,74.4,112.5,88,10,31.5,76.1,21.1,summer,partial_sun,ground,1
money_plant,foliage,sandy,6.81,131.3,81.9,139.3,46,6,26.3,36.5,14.7,spring,partial_sun,pot,0
basil,foliage,clayey,5.54,170.6,36.8,203.8,41,1,23.2,56.2,17.6,monsoon,full_sun,pot,0
cactus,flowering,loamy,5.72,252.1,95.8,121.7,62,2,28.1,41.0,15.4,monsoon,partial_sun,ground,1
aloe_vera,foliage,loamy,6.04,184.9,78.2,132.4,86,14,17.3,87.6,97.7,summer,full_sun,ground,1
peace_lily,foliage,clayey,7.34,287.7,66.2,207.1,19,12,21.3,59.5,71.7,winter,indirect_light,pot,1
peace_lily,foliage,loamy,6.7,78.7,27.5,372.9,69,2,35.7,81.5,114.4,summer,partial_sun,ground,1
cactus,foliage,sandy,6.13,167.8,85.7,237.8,86,7,27.4,78.0,67.0,spring,partial_sun,pot,1
spider_plant,foliage,sandy,6.11,126.0,38.4,100.4,48,3,39.2,35.7,132.6,winter,partial_sun,pot,1
snake_plant,foliage,sandy,7.31,217.7,64.8,133.3,47,5,20.7,46.7,25.8,monsoon,full_sun,ground,1
basil,flowering,sandy,7.12,255.2,70.1,346.1,41,9,20.2,39.2,42.9,summer,full_sun,ground,0
tomato,foliage,sandy,6.13,222.0,55.0,176.4,11,1,16.0,83.1,92.3,spring,indirect_light,ground,1
peace_lily,flowering,clayey,6.78,110.5,77.1,127.4,24,14,33.5,21.0,49.7,spring,partial_sun,pot,1
tomato,foliage,clayey,5.85,230.8,81.8,314.5,19,11,15.4,45.2,121.0,summer,full_sun,pot,2
snake_plant,flowering,clayey,6.82,222.0,29.6,381.6,24,9,30.6,35.6,61.4,summer,full_sun,ground,2
tomato,flowering,sandy,5.73,172.6,33.6,115.3,83,14,20.2,61.1,22.5,summer,indirect_light,pot,2
basil,foliage,loamy,6.14,96.6,23.3,277.3,60,3,15.4,55.8,45.3,winter,indirect_light,pot,0
snake_plant,flowering,clayey,5.93,205.7,26.8,115.5,95,14,32.5,29.7,26.5,spring,full_sun,pot,0
aloe_vera,foliage,sandy,5.83,65.3,59.9,131.9,31,3,25.0,28.1,176.7,spring,partial_sun,ground,2
cactus,foliage,sandy,7.27,281.9,99.6,152.2,36,1,27.3,89.7,179.5,spring,full_sun,ground,0
rose,foliage,loamy,6.37,123.6,95.9,329.1,25,0,36.7,54.1,178.9,spring,low_light,ground,0
aloe_vera,flowering,loamy,6.17,109.7,94.4,131.8,28,5,19.7,81.7,192.3,winter,low_light,ground,0
snake_plant,foliage,sandy,5.83,91.9,22.9,320.9,102,11,26.9,79.1,161.1,monsoon,full_sun,ground,0
cactus,foliage,loamy,5.68,196.3,38.1,368.7,3,0,32.5,63.2,172.7,summer,indirect_light,pot,2
aloe_vera,foliage,loamy,7.28,213.1,56.8,302.7,88,11,39.9,29.5,135.1,spring,partial_sun,ground,2
money_plant,foliage,sandy,5.57,80.5,53.3,118.9,92,5,26.9,51.6,173.8,summer,partial_sun,pot,2
aloe_vera,flowering,clayey,6.31,93.4,75.6,203.8,21,1,31.0,77.6,26.5,spring,full_sun,pot,1
cactus,flowering,clayey,5.66,287.9,87.1,341.5,20,3,38.3,58.1,40.1,winter,full_sun,pot,1
basil,flowering,loamy,6.61,135.7,30.8,128.3,42,5,38.0,65.5,20.7,winter,partial_sun,ground,2
peace_lily,foliage,loamy,6.43,205.7,79.8,110.5,69,13,36.5,52.0,78.2,monsoon,full_sun,pot,0
basil,foliage,loamy,7.26,239.2,23.8,180.6,40,9,27.5,53.3,166.3,monsoon,indirect_light,pot,0
mint,flowering,loamy,6.33,146.8,72.8,232.6,39,6,25.4,71.1,27.1,monsoon,indirect_light,pot,2
cactus,foliage,sandy,7.13,101.8,82.6,320.4,83,7,23.1,75.5,92.3,monsoon,partial_sun,pot,1
basil,foliage,sandy,6.57,267.5,30.5,337.2,93,4,34.9,39.3,175.4,spring,partial_sun,pot,1
spider_plant,foliage,clayey,6.62,175.3,76.5,260.3,41,2,25.7,41.6,96.5,monsoon,indirect_light,ground,1
peace_lily,foliage,sandy,5.89,172.3,79.3,247.8,45,5,36.0,45.3,172.0,winter,low_light,pot,2
mint,flowering,sandy,5.97,131.3,79.7,294.9,8,2,31.4,59.8,18.7,monsoon,indirect_light,ground,0
rose,foliage,clayey,6.15,259.9,31.5,229.0,72,9,37.3,49.4,156.1,winter,full_sun,pot,1
basil,flowering,loamy,6.79,182.6,23.4,390.5,22,3,22.3,88.6,120.4,winter,partial_sun,pot,1
tomato,foliage,clayey,6.44,173.1,35.6,295.6,54,9,34.8,62.2,102.3,summer,partial_sun,pot,2
cactus,foliage,loamy,5.78,126.1,31.1,283.6,79,1,16.2,87.3,135.8,winter,indirect_light,pot,2
spider_plant,flowering,clayey,6.98,92.0,29.6,120.3,19,6,38.2,50.1,23.8,winter,partial_sun,pot,2
tomato,foliage,loamy,6.14,190.6,42.4,334.8,69,13,25.0,80.4,53.4,winter,low_light,pot,2
peace_lily,foliage,sandy,6.19,136.7,79.0,235.7,44,10,26.3,29.9,35.3,monsoon,full_sun,ground,0
money_plant,flowering,clayey,7.26,109.2,92.6,277.6,37,5,32.7,53.7,75.6,monsoon,partial_sun,ground,0
tomato,foliage,sandy,6.77,61.3,50.0,287.8,59,0,28.5,67.9,123.2,winter,full_sun,pot,0
tomato,foliage,loamy,5.74,128.0,84.2,358.4,79,2,38.8,43.0,132.5,summer,full_sun,ground,2
aloe_vera,foliage,clayey,6.03,50.2,89.7,337.8,21,3,33.8,30.6,91.7,winter,indirect_light,ground,2
tomato,foliage,clayey,6.91,51.1,33.4,313.9,14,4,39.2,73.3,190.2,winter,low_light,ground,1
basil,flowering,loamy,7.46,68.8,44.5,157.3,34,2,19.2,59.0,187.2,spring,partial_sun,pot,0
rose,flowering,loamy,6.05,226.7,25.0,351.8,42,5,21.2,71.9,63.3,spring,full_sun,pot,1
cactus,foliage,loamy,5.6,107.8,91.8,176.9,100,4,18.5,80.1,100.0,monsoon,partial_sun,ground,2
aloe_vera,flowering,loamy,6.87,174.3,69.4,360.7,77,10,38.3,68.3,135.3,spring,full_sun,pot,0
cactus,flowering,sandy,6.51,199.5,22.7,209.1,33,11,35.5,41.9,159.7,monsoon,full_sun,pot,1
money_plant,flowering,clayey,6.25,187.5,24.0,227.8,44,0,20.5,42.2,51.9,summer,partial_sun,pot,2
tomato,foliage,clayey,7.03,217.8,54.8,264.8,82,2,27.1,55.5,77.4,monsoon,partial_sun,pot,1
tomato,foliage,clayey,6.9,196.5,66.9,309.3,52,4,16.4,79.7,45.1,winter,partial_sun,pot,1
tomato,foliage,clayey,6.57,259.0,85.7,353.0,52,5,34.8,51.6,36.7,monsoon,partial_sun,pot,2
peace_lily,flowering,sandy,7.34,113.2,75.6,122.6,48,8,20.4,40.6,199.2,winter,full_sun,ground,0
spider_plant,foliage,loamy,6.86,104.6,96.0,335.9,44,11,25.4,81.5,188.9,summer,full_sun,ground,0
peace_lily,foliage,sandy,6.05,169.2,23.6,355.7,43,8,23.2,85.2,147.0,spring,low_light,ground,0
money_plant,flowering,sandy,6.79,93.6,75.3,216.0,83,7,18.4,43.9,22.7,summer,low_light,pot,0
spider_plant,foliage,sandy,7.11,295.2,68.5,251.1,35,13,38.8,72.8,89.1,monsoon,low_light,pot,2
spider_plant,flowering,clayey,7.44,228.6,23.3,219.6,20,11,33.6,37.6,36.9,winter,partial_sun,ground,0
mint,foliage,clayey,5.56,119.9,52.9,280.8,30,12,37.8,77.6,190.0,summer,indirect_light,pot,0
rose,flowering,clayey,6.02,57.0,70.5,227.9,37,7,27.3,64.3,161.1,monsoon,full_sun,ground,2
mint,foliage,sandy,6.18,231.2,25.2,194.6,5,12,31.5,71.6,104.0,monsoon,indirect_light,pot,0
tomato,foliage,loamy,6.33,255.5,88.0,163.6,74,5,26.8,81.6,43.1,monsoon,partial_sun,ground,1
mint,foliage,loamy,7.25,53.2,38.1,270.1,16,1,31.1,46.7,10.9,winter,partial_sun,pot,2
money_plant,foliage,clayey,6.39,178.7,48.7,277.9,71,0,24.8,87.9,51.6,monsoon,partial_sun,pot,0
cactus,foliage,clayey,5.74,283.4,74.7,259.5,27,14,26.9,48.5,32.2,winter,indirect_light,pot,2
cactus,foliage,sandy,6.83,267.7,80.7,318.3,16,3,32.3,58.7,43.3,summer,full_sun,ground,2
cactus,foliage,clayey,5.95,268.3,83.2,324.4,65,12,21.2,49.6,158.7,monsoon,full_sun,ground,2
rose,foliage,sandy,7.13,159.8,50.2,238.8,39,0,33.7,55.2,46.4,spring,partial_sun,ground,0
rose,foliage,sandy,7.45,55.0,79.0,330.6,66,8,31.8,26.5,51.4,spring,full_sun,ground,1
basil,flowering,clayey,6.67,267.1,36.5,133.6,79,1,18.1,36.2,10.3,spring,low_light,pot,0
cactus,foliage,loamy,7.48,239.2,55.4,312.2,44,8,20.7,61.8,185.6,summer,indirect_light,ground,2
aloe_vera,flowering,loamy,6.55,227.3,28.6,270.2,43,7,39.1,53.8,161.2,summer,partial_sun,ground,0
spider_plant,flowering,loamy,7.04,53.1,67.9,269.7,27,10,30.0,77.9,191.8,winter,full_sun,pot,0
basil,flowering,sandy,6.25,287.7,78.6,279.6,84,6,16.5,80.6,120.2,monsoon,partial_sun,pot,0
peace_lily,foliage,loamy,6.1,260.0,81.8,169.0,76,10,36.7,87.4,6.3,monsoon,partial_sun,pot,0
basil,flowering,sandy,6.58,287.9,87.8,374.3,94,9,17.7,30.4,105.3,summer,full_sun,ground,0
tomato,foliage,clayey,6.65,118.5,64.3,295.4,77,6,17.7,29.8,52.7,winter,low_light,pot,0
money_plant,foliage,loamy,6.14,172.3,88.8,277.7,52,0,30.8,29.0,115.7,summer,full_sun,pot,2
snake_plant,foliage,clayey,5.93,222.8,68.2,285.7,80,14,34.4,29.0,69.5,monsoon,full_sun,pot,2
mint,foliage,clayey,7.09,89.6,24.1,267.2,14,0,35.9,45.1,182.6,winter,partial_sun,ground,2
tomato,foliage,sandy,7.36,135.5,62.2,163.5,52,4,39.5,65.5,160.9,spring,full_sun,ground,2
money_plant,foliage,clayey,7.32,105.4,24.5,176.7,79,8,19.3,31.7,92.5,monsoon,low_light,ground,2
peace_lily,flowering,loamy,7.32,144.3,97.1,126.8,59,6,27.3,47.1,126.5,monsoon,low_light,ground,1
tomato,foliage,sandy,7.31,277.3,82.4,102.1,42,5,20.6,29.2,79.8,spring,partial_sun,pot,1
snake_plant,flowering,clayey,6.95,203.4,53.5,379.8,6,6,25.3,74.4,96.1,spring,low_light,ground,0
peace_lily,flowering,clayey,5.96,147.7,67.6,249.0,3,2,29.9,67.3,88.5,winter,low_light,ground,0
cactus,foliage,clayey,5.84,211.7,51.1,168.8,29,11,24.0,38.2,90.6,winter,low_light,ground,0
basil,flowering,loamy,6.81,292.8,65.0,314.4,14,6,25.4,28.1,122.6,monsoon,low_light,pot,2
money_plant,flowering,loamy,5.62,111.8,32.8,361.5,20,6,26.8,72.1,174.4,monsoon,partial_sun,pot,0
tomato,flowering,clayey,6.59,76.4,23.6,296.9,76,4,17.1,22.4,198.0,summer,full_sun,pot,2
cactus,flowering,sandy,6.98,258.5,79.2,142.9,9,4,35.5,76.6,176.9,spring,full_sun,pot,1
spider_plant,foliage,clayey,6.68,57.6,23.0,346.8,55,10,18.2,56.6,154.0,spring,partial_sun,ground,0
spider_plant,flowering,clayey,5.93,117.7,39.8,118.8,62,1,33.3,62.5,134.6,summer,full_sun,ground,1
spider_plant,foliage,loamy,5.86,238.4,83.1,152.1,101,1,38.7,31.6,154.2,spring,indirect_light,pot,0
money_plant,foliage,loamy,6.57,144.7,56.6,281.2,16,12,28.5,54.0,81.8,summer,indirect_light,pot,0
basil,flowering,clayey,6.53,183.9,48.6,206.1,53,7,34.7,41.5,182.8,spring,indirect_light,ground,1
spider_plant,flowering,sandy,6.6,60.9,70.7,385.4,23,5,27.9,61.5,158.7,summer,indirect_light,ground,0
snake_plant,flowering,loamy,6.31,53.4,26.4,193.7,87,5,15.4,84.2,141.2,monsoon,full_sun,ground,2
peace_lily,flowering,sandy,7.38,200.9,89.1,346.7,86,13,27.1,28.2,136.4,spring,partial_sun,ground,2
snake_plant,foliage,clayey,5.66,181.1,52.8,394.7,96,5,24.9,87.9,173.1,monsoon,indirect_light,pot,0
snake_plant,flowering,clayey,7.45,258.3,44.2,390.0,5,10,38.3,67.3,61.4,monsoon,full_sun,pot,2
rose,foliage,loamy,6.39,231.1,21.3,202.3,47,2,30.1,43.6,181.1,spring,full_sun,pot,0
basil,flowering,clayey,6.3,279.9,99.5,113.5,94,6,24.3,47.5,150.9,winter,partial_sun,pot,1
mint,flowering,loamy,6.68,149.4,97.9,263.3,60,10,32.7,39.0,180.8,summer,indirect_light,pot,2
snake_plant,flowering,loamy,5.8,135.6,53.1,327.5,98,7,30.3,27.4,30.3,winter,low_light,ground,1
snake_plant,flowering,clayey,5.63,62.0,43.7,379.8,99,10,21.8,47.9,119.7,summer,full_sun,pot,2
spider_plant,flowering,sandy,6.49,151.1,62.5,278.5,25,12,26.6,87.4,103.8,winter,full_sun,pot,1
snake_plant,foliage,sandy,5.63,237.5,36.8,369.4,33,13,19.8,22.6,94.4,monsoon,low_light,pot,0
tomato,foliage,sandy,6.24,158.0,55.2,283.9,23,3,21.0,28.5,39.5,monsoon,partial_sun,ground,1
rose,foliage,loamy,6.2,73.4,58.9,376.2,24,13,30.2,84.7,157.2,spring,indirect_light,pot,2
basil,flowering,sandy,6.98,224.3,76.2,207.8,94,9,35.2,76.7,173.4,spring,low_light,ground,0
cactus,flowering,loamy,6.06,124.5,42.2,331.5,57,2,35.8,88.3,94.8,spring,partial_sun,pot,2
money_plant,foliage,clayey,5.74,150.4,83.5,166.2,98,6,38.8,34.7,52.2,winter,partial_sun,pot,2
money_plant,foliage,sandy,6.2,278.2,47.2,236.7,59,0,32.7,63.6,198.0,summer,partial_sun,ground,2
spider_plant,foliage,sandy,5.76,132.5,45.7,127.7,48,8,32.2,55.8,31.4,winter,full_sun,ground,0
aloe_vera,flowering,sandy,6.62,285.7,26.6,176.2,65,4,17.5,25.3,72.3,spring,full_sun,pot,2
rose,flowering,clayey,6.56,159.1,84.2,393.4,46,12,23.1,23.0,184.9,monsoon,low_light,pot,0
snake_plant,foliage,sandy,7.16,137.2,61.7,338.3,88,0,23.6,52.3,82.9,monsoon,full_sun,pot,1
spider_plant,flowering,sandy,5.54,76.0,84.0,153.6,98,11,21.0,27.0,48.6,winter,full_sun,pot,0
basil,flowering,clayey,6.49,225.6,99.4,139.4,47,12,24.9,49.5,82.2,winter,indirect_light,pot,1
aloe_vera,foliage,loamy,6.5,154.7,93.2,208.7,64,10,30.8,20.9,132.7,summer,indirect_light,ground,0
rose,foliage,sandy,5.52,237.4,80.7,303.5,17,2,36.0,52.9,100.4,summer,low_light,pot,1
rose,foliage,loamy,6.62,76.3,33.4,391.6,31,7,39.4,57.2,27.2,summer,full_sun,pot,1
rose,flowering,sandy,6.03,211.5,59.9,179.8,27,13,18.8,42.7,147.5,monsoon,full_sun,ground,1
cactus,foliage,sandy,6.91,112.2,46.4,230.3,46,12,25.1,60.0,148.2,spring,full_sun,pot,0
snake_plant,foliage,clayey,6.24,116.3,39.5,391.9,52,5,37.7,50.4,70.0,winter,partial_sun,pot,0
aloe_vera,foliage,loamy,6.59,161.1,21.2,276.1,73,13,31.1,73.2,100.1,winter,full_sun,ground,0
aloe_vera,flowering,loamy,6.27,141.9,34.5,230.7,97,4,23.5,71.7,44.7,spring,indirect_light,pot,1
mint,foliage,loamy,6.5,294.0,74.7,212.6,88,7,37.1,28.8,40.1,spring,full_sun,ground,2
basil,foliage,loamy,5.77,161.0,56.1,387.5,63,5,28.3,64.6,149.6,winter,indirect_light,pot,2
basil,flowering,clayey,6.33,101.0,23.4,273.9,82,12,38.7,24.2,137.1,monsoon,partial_sun,pot,2
aloe_vera,flowering,clayey,6.19,106.8,53.9,186.4,13,9,29.7,55.4,122.3,summer,partial_sun,pot,0
tomato,flowering,clayey,5.89,255.1,74.1,290.8,64,3,29.4,41.6,95.4,summer,low_light,ground,2
tomato,foliage,clayey,7.28,69.9,78.5,156.2,94,8,35.5,57.9,142.0,summer,low_light,ground,1
peace_lily,foliage,sandy,6.13,278.0,24.9,308.2,67,8,23.0,49.1,181.6,summer,indirect_light,pot,2
peace_lily,foliage,sandy,7.36,174.3,38.4,113.4,34,1,22.5,73.3,70.9,winter,partial_sun,ground,1
cactus,foliage,clayey,5.82,100.9,27.3,146.1,28,13,28.3,21.3,159.4,spring,full_sun,ground,0
aloe_vera,flowering,sandy,6.96,270.4,29.7,290.4,37,1,28.0,62.5,49.1,winter,indirect_light,pot,1
cactus,foliage,clayey,6.31,132.1,56.3,328.7,63,7,19.9,86.6,35.1,winter,low_light,pot,2
peace_lily,flowering,loamy,6.2,58.3,26.3,219.1,67,5,29.2,68.3,160.1,monsoon,low_light,ground,0
rose,flowering,clayey,7.08,174.6,27.0,261.1,35,14,33.6,50.2,25.5,spring,full_sun,pot,0
spider_plant,flowering,loamy,5.62,122.0,27.5,389.1,68,11,18.8,82.3,188.8,summer,indirect_light,ground,2
cactus,flowering,clayey,6.26,201.8,51.1,172.1,2,3,18.5,25.7,165.9,spring,indirect_light,ground,2
aloe_vera,foliage,sandy,6.33,56.0,46.8,153.1,99,2,39.2,58.5,192.6,summer,partial_sun,ground,2
aloe_vera,foliage,clayey,6.86,130.8,99.0,197.7,7,5,30.1,76.1,93.9,spring,low_light,pot,2
aloe_vera,foliage,loamy,5.88,280.6,75.6,283.2,43,13,16.4,59.8,130.3,monsoon,full_sun,ground,2
cactus,foliage,sandy,7.13,145.2,90.2,360.4,7,2,34.8,41.3,16.2,monsoon,low_light,ground,1
tomato,foliage,sandy,7.05,265.6,45.1,261.4,40,12,39.7,82.3,74.3,spring,full_sun,ground,2
money_plant,flowering,clayey,7.04,52.8,53.3,244.4,103,14,29.6,67.7,37.9,monsoon,low_light,ground,1
snake_plant,flowering,clayey,7.03,233.4,44.0,152.0,71,3,27.4,32.5,137.2,winter,partial_sun,pot,1
snake_plant,foliage,clayey,5.66,150.8,37.6,225.5,80,0,36.0,32.2,192.2,spring,indirect_light,pot,0
spider_plant,flowering,clayey,6.96,73.8,54.3,108.8,68,11,31.6,28.3,57.8,summer,indirect_light,ground,1
spider_plant,flowering,clayey,7.16,201.5,43.3,162.1,60,3,37.5,69.7,187.5,spring,partial_sun,pot,1
mint,flowering,sandy,5.53,124.0,56.7,223.3,33,13,24.6,54.3,85.9,spring,low_light,pot,1
rose,flowering,sandy,7.15,141.4,48.3,190.7,37,4,19.3,82.9,155.4,winter,indirect_light,ground,2
spider_plant,foliage,loamy,6.73,235.7,79.0,256.4,52,13,24.3,84.5,116.9,summer,indirect_light,ground,1
money_plant,flowering,loamy,5.77,53.4,26.0,307.5,70,14,33.7,83.9,117.0,monsoon,indirect_light,ground,0
peace_lily,foliage,loamy,6.38,258.0,73.6,121.0,33,4,21.8,61.5,136.0,spring,full_sun,ground,0
cactus,flowering,clayey,6.39,55.5,44.1,250.8,62,10,27.3,84.9,21.1,winter,partial_sun,pot,1
spider_plant,flowering,loamy,6.09,242.3,70.0,214.6,51,2,18.0,63.1,154.9,monsoon,partial_sun,pot,1
money_plant,foliage,clayey,6.65,201.7,53.9,320.9,41,8,38.1,51.6,22.6,summer,partial_sun,ground,0
cactus,flowering,sandy,5.9,91.9,28.4,290.9,68,10,15.8,85.5,10.4,spring,partial_sun,pot,0
cactus,foliage,clayey,6.4,296.2,81.8,108.2,26,7,26.6,83.6,107.7,monsoon,partial_sun,ground,1
rose,flowering,loamy,6.82,120.0,96.4,321.4,64,4,30.3,49.4,49.5,monsoon,indirect_light,ground,0
peace_lily,foliage,clayey,5.56,260.6,56.0,218.5,101,13,33.2,42.9,114.1,spring,full_sun,ground,0
spider_plant,flowering,sandy,6.83,290.8,64.8,381.0,43,9,25.5,38.2,146.2,summer,low_light,pot,1
tomato,foliage,loamy,7.03,152.4,72.4,178.1,39,4,19.0,24.9,37.1,monsoon,indirect_light,pot,1
snake_plant,flowering,loamy,5.83,78.6,20.7,146.7,12,13,30.8,35.4,4.1,winter,partial_sun,ground,2
snake_plant,foliage,sandy,5.69,218.2,55.5,360.4,87,14,32.3,78.7,188.9,spring,full_sun,pot,0
snake_plant,foliage,loamy,6.52,205.1,58.2,243.4,36,14,30.7,64.3,90.1,spring,indirect_light,ground,2
aloe_vera,foliage,clayey,7.26,196.1,86.7,292.8,55,9,33.5,26.6,118.8,monsoon,indirect_light,pot,2
peace_lily,flowering,sandy,5.91,148.0,91.7,161.3,50,6,25.5,21.3,158.6,monsoon,indirect_light,ground,2
mint,foliage,loamy,6.24,275.5,84.5,395.5,23,4,28.6,30.5,76.1,winter,low_light,pot,1
basil,flowering,sandy,7.39,245.3,29.1,379.3,59,6,39.9,23.9,147.4,winter,low_light,ground,0
mint,foliage,loamy,6.85,177.2,88.9,359.8,31,9,28.4,22.6,161.6,spring,partial_sun,ground,2
tomato,foliage,loamy,7.08,266.2,68.7,252.1,99,12,15.9,41.2,52.6,summer,partial_sun,pot,1
mint,foliage,loamy,5.52,162.5,98.2,130.9,59,4,39.5,58.9,38.0,summer,partial_sun,pot,1
aloe_vera,flowering,sandy,6.59,266.1,78.7,256.4,81,7,21.1,31.0,32.1,monsoon,indirect_light,ground,0
mint,foliage,loamy,7.4,84.3,78.7,289.7,89,8,24.8,44.9,9.0,monsoon,low_light,ground,2
tomato,foliage,clayey,6.41,104.6,53.3,365.0,93,8,23.0,27.7,45.6,spring,indirect_light,ground,0
tomato,foliage,sandy,6.5,248.6,76.6,115.1,67,9,25.1,40.7,46.5,monsoon,indirect_light,ground,1
aloe_vera,foliage,clayey,6.05,278.0,27.8,356.0,26,6,27.5,65.2,102.1,spring,partial_sun,pot,2
money_plant,flowering,clayey,5.89,91.6,69.4,256.9,28,12,35.1,57.7,62.3,monsoon,partial_sun,pot,0
money_plant,foliage,loamy,6.56,167.0,52.9,345.3,102,1,31.2,49.3,91.6,monsoon,indirect_light,pot,2
tomato,foliage,clayey,6.96,277.4,88.6,389.4,20,8,26.1,41.8,64.1,spring,full_sun,ground,0
cactus,foliage,clayey,6.35,254.5,88.9,102.1,73,10,25.4,35.5,24.0,winter,low_light,ground,0
rose,foliage,sandy,6.76,117.6,39.9,382.6,99,7,39.4,60.8,199.1,winter,full_sun,ground,2
aloe_vera,foliage,sandy,6.36,85.6,91.2,203.8,21,2,15.6,65.2,127.4,winter,indirect_light,pot,1
spider_plant,foliage,clayey,7.11,188.1,61.6,142.9,88,7,21.8,54.8,56.9,winter,full_sun,pot,1
cactus,foliage,sandy,6.83,51.3,32.9,264.6,55,2,31.3,35.7,142.4,winter,low_light,ground,0
snake_plant,flowering,loamy,7.17,246.1,50.2,265.6,44,4,20.6,42.5,169.6,monsoon,indirect_light,ground,1
spider_plant,foliage,clayey,7.41,131.7,48.4,251.7,40,0,23.0,83.2,15.5,summer,partial_sun,pot,1
rose,foliage,sandy,6.14,257.2,23.0,278.9,100,11,18.0,25.4,139.3,spring,low_light,pot,0
basil,foliage,sandy,6.98,265.7,62.6,336.8,95,5,28.5,44.2,82.8,summer,partial_sun,ground,1
snake_plant,flowering,clayey,6.22,71.9,95.0,266.1,76,2,24.9,51.3,120.1,monsoon,low_light,pot,1
spider_plant,foliage,sandy,6.0,226.4,54.2,232.8,38,14,16.6,77.7,58.5,monsoon,full_sun,ground,1
rose,flowering,sandy,7.38,215.4,26.1,206.4,101,2,25.1,78.4,162.9,winter,full_sun,pot,2
mint,flowering,clayey,5.97,240.0,62.5,316.2,27,13,18.7,29.3,137.4,summer,partial_sun,ground,0
spider_plant,foliage,sandy,7.0,253.0,95.7,193.9,60,6,18.3,69.4,148.4,monsoon,low_light,ground,2
spider_plant,foliage,loamy,7.47,87.4,57.2,304.1,83,13,39.4,70.5,131.4,spring,full_sun,pot,0
spider_plant,flowering,loamy,6.18,279.3,52.5,143.0,37,12,22.3,56.8,139.6,spring,full_sun,pot,2
spider_plant,foliage,clayey,6.25,50.6,89.5,125.4,100,12,39.7,57.6,184.8,winter,low_light,pot,0
snake_plant,flowering,clayey,6.16,239.2,61.6,161.5,86,14,37.0,80.9,47.8,summer,low_light,pot,1
spider_plant,foliage,clayey,6.75,129.1,85.3,250.5,73,6,22.8,85.5,170.1,winter,low_light,pot,1
money_plant,flowering,sandy,7.36,149.3,27.0,285.1,89,4,23.6,55.5,174.8,winter,low_light,pot,1
snake_plant,flowering,loamy,5.86,290.3,31.9,224.4,93,14,39.9,55.2,119.1,winter,low_light,ground,0
mint,flowering,clayey,6.81,88.5,98.2,263.4,53,5,37.3,25.2,181.5,spring,low_light,pot,2
money_plant,foliage,clayey,6.57,89.5,75.7,338.0,8,2,24.1,82.8,33.8,monsoon,partial_sun,ground,1
aloe_vera,flowering,loamy,6.48,213.1,96.0,280.2,56,8,27.7,64.4,14.2,spring,full_sun,ground,1
money_plant,flowering,sandy,6.15,216.9,84.6,328.7,24,2,36.7,46.3,59.4,monsoon,partial_sun,ground,0
cactus,foliage,loamy,7.38,190.8,50.8,104.8,3,3,21.0,67.8,122.0,monsoon,partial_sun,pot,0
mint,flowering,clayey,6.7,124.1,77.2,327.7,103,0,27.8,55.6,73.9,summer,indirect_light,pot,1
cactus,flowering,clayey,6.1,124.5,45.6,149.3,57,5,32.9,39.9,65.3,monsoon,low_light,ground,2
cactus,foliage,sandy,5.68,201.7,32.1,109.3,97,5,28.5,30.8,110.7,summer,low_light,pot,1
mint,foliage,sandy,5.64,168.6,64.9,288.5,33,9,21.3,20.7,144.7,spring,indirect_light,pot,2
mint,foliage,clayey,7.04,149.5,86.2,151.2,86,13,20.1,43.8,102.1,spring,indirect_light,pot,2
aloe_vera,flowering,sandy,7.22,280.7,59.0,281.9,55,13,19.4,55.2,79.7,winter,indirect_light,ground,1
mint,foliage,loamy,6.2,78.5,32.1,167.6,72,5,29.0,56.6,23.0,summer,indirect_light,pot,1
basil,foliage,loamy,7.31,263.1,73.4,278.0,42,7,19.6,25.5,47.9,winter,full_sun,pot,1
mint,flowering,loamy,5.77,207.4,24.3,324.6,80,8,15.0,55.8,9.4,monsoon,indirect_light,pot,1
tomato,flowering,clayey,6.36,128.0,60.5,231.9,61,14,31.0,35.1,123.9,winter,partial_sun,pot,1
aloe_vera,flowering,sandy,6.45,74.5,59.3,242.0,34,13,25.8,47.9,123.2,monsoon,full_sun,pot,0
aloe_vera,foliage,loamy,5.91,144.8,94.1,316.5,61,12,18.5,75.7,40.3,spring,indirect_light,pot,0
spider_plant,flowering,sandy,5.9,273.9,58.0,269.0,5,13,18.5,62.3,108.0,monsoon,full_sun,pot,0
mint,foliage,loamy,7.03,126.9,59.4,339.0,44,2,20.7,58.6,104.7,summer,low_light,ground,2
snake_plant,foliage,sandy,6.37,60.9,32.9,106.3,84,5,23.3,58.0,98.7,monsoon,indirect_light,ground,0
mint,foliage,sandy,6.15,215.3,72.2,175.3,81,12,30.1,79.5,9.0,monsoon,partial_sun,ground,2
mint,flowering,sandy,5.99,169.2,51.5,264.8,47,1,32.9,56.5,164.5,winter,full_sun,pot,0
basil,foliage,sandy,6.97,265.7,37.3,128.7,49,4,31.0,62.5,109.3,spring,full_sun,pot,0
aloe_vera,flowering,clayey,6.19,63.7,36.3,225.6,58,1,15.0,84.1,168.8,monsoon,indirect_light,pot,2
rose,foliage,sandy,6.26,188.7,26.1,101.3,58,11,31.0,48.8,97.9,monsoon,partial_sun,pot,2
cactus,foliage,sandy,5.84,179.9,47.0,348.7,2,4,21.2,63.2,141.4,monsoon,partial_sun,ground,0
basil,flowering,clayey,7.49,167.5,42.4,365.0,38,7,23.3,58.7,114.5,summer,full_sun,ground,0
rose,foliage,sandy,5.92,194.9,47.3,261.2,24,6,29.6,48.0,139.5,winter,low_light,ground,0
mint,foliage,loamy,6.71,248.6,28.5,355.2,61,11,25.2,85.3,198.2,summer,indirect_light,ground,0
aloe_vera,foliage,clayey,6.3,161.0,91.5,297.4,95,5,38.6,36.6,21.5,winter,indirect_light,ground,2
tomato,foliage,sandy,6.78,294.7,68.3,207.3,58,8,18.1,82.2,100.6,summer,indirect_light,ground,1
snake_plant,foliage,sandy,5.78,160.0,58.6,163.7,93,0,35.9,55.2,2.9,spring,full_sun,pot,2
cactus,foliage,sandy,5.52,155.5,43.6,245.8,46,14,16.1,28.6,111.7,winter,low_light,ground,1
tomato,flowering,sandy,5.78,192.7,34.8,183.6,29,2,19.6,77.8,57.1,spring,indirect_light,pot,2
basil,foliage,sandy,6.45,221.9,77.8,307.8,43,13,31.1,77.4,66.7,spring,low_light,pot,1
mint,flowering,sandy,7.48,287.8,31.0,261.3,72,2,25.7,24.3,44.8,winter,low_light,ground,2
rose,flowering,loamy,6.78,106.2,34.4,126.6,34,0,29.6,68.2,79.5,summer,indirect_light,ground,0
mint,foliage,loamy,6.91,124.5,28.4,334.5,13,4,16.2,45.2,191.4,winter,indirect_light,ground,1
basil,foliage,sandy,6.55,121.8,83.4,273.3,86,7,34.9,47.7,183.0,summer,partial_sun,pot,1
basil,foliage,sandy,5.62,177.4,99.7,344.2,53,12,30.6,56.9,85.2,spring,low_light,pot,1
snake_plant,foliage,sandy,6.5,158.2,56.6,162.7,79,2,24.2,23.7,153.5,monsoon,low_light,pot,1
basil,foliage,clayey,6.66,101.1,61.6,122.2,4,9,27.9,71.8,126.1,winter,indirect_light,pot,1
mint,flowering,clayey,7.47,144.2,80.0,217.9,60,10,29.2,24.4,7.4,winter,indirect_light,ground,0
money_plant,foliage,sandy,6.77,62.8,40.6,117.9,48,3,32.2,28.0,76.8,spring,indirect_light,ground,1
spider_plant,flowering,clayey,5.69,194.3,90.2,230.1,9,9,29.0,76.8,148.3,spring,full_sun,ground,1
snake_plant,flowering,loamy,6.06,250.9,94.3,221.5,28,5,23.0,53.4,45.2,monsoon,full_sun,ground,1
peace_lily,foliage,loamy,7.13,244.5,80.9,156.3,85,9,32.5,45.8,86.5,spring,low_light,ground,2
basil,flowering,sandy,6.66,237.0,84.9,296.9,12,9,23.5,85.0,44.9,spring,indirect_light,ground,1
snake_plant,flowering,sandy,5.58,118.0,20.5,393.5,5,14,24.9,71.0,69.2,summer,low_light,ground,2
mint,flowering,clayey,7.06,210.5,26.7,148.5,39,7,30.2,20.6,20.3,spring,full_sun,pot,0
snake_plant,foliage,sandy,5.84,256.8,66.8,201.3,35,12,21.2,88.3,69.0,monsoon,full_sun,ground,2
money_plant,flowering,sandy,7.45,83.9,38.5,360.5,77,8,25.5,23.5,7.9,winter,partial_sun,ground,2
tomato,foliage,clayey,6.89,192.5,27.8,284.5,87,6,18.5,56.3,175.5,spring,indirect_light,pot,0
basil,flowering,clayey,5.92,189.1,88.5,350.5,57,5,24.1,42.3,149.9,monsoon,indirect_light,pot,2
rose,foliage,sandy,6.94,263.9,86.4,219.2,38,5,20.1,40.5,179.3,winter,indirect_light,ground,0
basil,flowering,loamy,6.44,168.1,50.3,255.2,14,14,20.0,48.9,14.5,winter,low_light,ground,2
basil,foliage,sandy,5.94,59.2,28.6,201.7,86,4,29.3,55.9,58.7,monsoon,full_sun,ground,1
snake_plant,foliage,loamy,5.7,102.2,94.1,224.2,52,1,22.8,30.3,97.6,spring,partial_sun,ground,1
mint,foliage,clayey,6.11,255.6,24.6,225.6,10,5,33.1,60.2,133.4,monsoon,indirect_light,ground,2
snake_plant,flowering,loamy,6.25,165.4,58.5,230.6,65,4,32.7,64.2,10.0,monsoon,partial_sun,ground,1
aloe_vera,flowering,sandy,6.9,76.1,51.9,316.9,79,3,25.2,24.6,69.8,monsoon,indirect_light,ground,1
basil,foliage,clayey,6.77,214.8,91.6,291.0,80,0,16.7,56.3,30.0,monsoon,partial_sun,ground,1
spider_plant,foliage,sandy,6.77,199.3,72.3,157.7,29,1,30.5,62.0,101.3,winter,low_light,ground,2
snake_plant,foliage,clayey,7.38,217.1,74.3,208.6,76,12,15.3,64.5,182.7,winter,partial_sun,ground,1
snake_plant,foliage,clayey,5.66,157.1,75.1,117.5,2,14,21.3,58.4,142.9,spring,full_sun,pot,0
basil,flowering,sandy,7.03,255.7,79.5,304.3,93,13,25.0,53.4,16.6,summer,low_light,pot,0
tomato,foliage,sandy,5.68,231.6,63.8,235.3,80,11,22.4,56.7,139.5,summer,low_light,ground,0
tomato,flowering,loamy,5.63,276.6,31.1,259.7,34,10,23.7,83.0,4.4,summer,indirect_light,ground,1
peace_lily,foliage,sandy,7.26,189.6,89.6,211.5,38,0,28.1,42.3,94.0,spring,low_light,ground,2
spider_plant,flowering,sandy,6.23,159.7,98.2,342.4,42,9,17.7,86.7,12.0,summer,indirect_light,pot,2
tomato,flowering,clayey,5.62,201.1,81.1,257.0,75,10,31.7,25.6,88.4,spring,full_sun,ground,2
basil,foliage,loamy,7.42,232.6,59.2,289.2,44,6,30.3,21.2,39.0,summer,low_light,pot,2
basil,foliage,loamy,6.21,224.6,51.6,385.9,35,6,24.8,79.8,154.6,winter,indirect_light,ground,1
rose,foliage,clayey,5.7,54.1,72.9,280.7,99,9,20.8,21.7,167.0,winter,low_light,pot,2
basil,flowering,clayey,6.68,51.6,81.8,310.7,3,5,25.7,61.8,199.9,monsoon,full_sun,ground,2
money_plant,flowering,clayey,7.3,248.0,74.1,303.9,19,5,22.4,20.1,54.4,winter,indirect_light,ground,2
aloe_vera,flowering,sandy,6.4,203.1,37.0,381.7,22,10,34.3,63.8,74.7,winter,full_sun,ground,1
money_plant,foliage,clayey,6.79,61.4,95.7,352.6,57,0,16.9,31.9,25.4,winter,indirect_light,ground,2
mint,foliage,sandy,6.08,195.3,32.3,244.3,4,0,24.2,51.8,109.7,winter,partial_sun,pot,0
snake_plant,foliage,sandy,7.21,139.2,80.6,188.5,49,6,17.7,50.8,145.9,summer,full_sun,ground,2
cactus,foliage,clayey,6.33,289.5,63.3,281.5,93,2,30.6,60.0,37.0,summer,full_sun,pot,2
spider_plant,flowering,loamy,7.49,249.0,80.3,164.7,33,14,26.6,74.1,183.0,summer,partial_sun,ground,2
snake_plant,foliage,loamy,6.25,251.0,54.7,399.2,94,2,20.5,44.5,74.5,summer,partial_sun,pot,2
tomato,flowering,sandy,6.68,138.3,84.0,266.4,45,14,30.8,74.9,119.7,winter,indirect_light,ground,2
basil,flowering,sandy,6.46,245.1,44.3,193.5,45,11,27.2,25.8,91.9,winter,low_light,ground,2
rose,flowering,loamy,5.98,290.2,35.8,385.4,49,7,32.8,88.7,113.9,monsoon,low_light,ground,1
cactus,flowering,sandy,6.08,166.9,69.6,223.4,3,1,23.3,59.5,170.1,spring,partial_sun,ground,2
spider_plant,flowering,sandy,5.98,232.1,49.4,289.7,71,5,28.4,26.3,167.1,summer,low_light,ground,0
aloe_vera,foliage,loamy,6.38,231.3,58.9,362.0,35,3,25.5,39.4,118.5,summer,full_sun,ground,0
tomato,foliage,clayey,7.39,87.2,57.0,394.3,53,5,29.7,46.3,57.2,summer,low_light,ground,1
tomato,flowering,loamy,6.17,128.0,29.8,133.3,39,5,36.9,75.3,28.2,winter,low_light,pot,2
tomato,flowering,loamy,6.0,194.2,25.4,128.5,21,11,23.2,72.4,161.3,spring,low_light,ground,2
cactus,foliage,loamy,6.62,266.0,58.5,369.3,34,0,39.5,75.5,170.8,winter,full_sun,ground,1
money_plant,flowering,sandy,7.48,236.8,79.2,385.1,70,8,29.1,88.6,33.1,summer,low_light,pot,1
aloe_vera,foliage,loamy,6.54,143.4,29.8,320.7,98,1,24.3,24.4,160.3,winter,partial_sun,ground,1
aloe_vera,foliage,loamy,6.54,137.6,74.2,327.6,100,4,20.2,69.9,77.3,spring,full_sun,pot,2
money_plant,flowering,clayey,5.53,185.1,88.1,387.3,36,4,27.9,26.0,109.8,winter,partial_sun,pot,2
basil,foliage,clayey,6.19,232.3,72.2,353.7,55,10,25.7,67.1,55.1,monsoon,partial_sun,ground,1
snake_plant,flowering,sandy,7.46,207.0,39.8,148.8,98,0,15.5,47.3,38.3,spring,indirect_light,pot,1
mint,foliage,sandy,6.75,134.0,86.0,208.9,13,3,30.6,48.7,110.4,monsoon,indirect_light,ground,0
rose,foliage,clayey,6.89,295.9,39.1,142.7,74,11,22.6,27.1,138.4,summer,low_light,ground,1
basil,foliage,clayey,6.76,183.1,29.2,281.7,65,12,23.4,30.0,138.4,summer,low_light,ground,1
basil,foliage,loamy,7.27,211.5,42.9,344.8,40,0,21.5,58.1,127.2,monsoon,low_light,pot,1
aloe_vera,foliage,clayey,7.29,65.6,90.7,234.5,14,14,30.7,84.8,3.8,winter,low_light,ground,1
snake_plant,foliage,sandy,7.11,214.7,75.4,354.8,26,1,27.2,35.5,197.5,spring,low_light,pot,0
spider_plant,flowering,loamy,6.06,113.2,20.4,308.7,49,9,28.3,87.3,21.9,summer,low_light,ground,0
cactus,foliage,loamy,7.46,114.1,72.3,159.4,89,0,26.6,88.0,121.7,winter,indirect_light,pot,1
basil,foliage,sandy,6.54,290.3,87.6,324.2,54,7,23.9,39.7,108.5,monsoon,partial_sun,pot,0
snake_plant,flowering,sandy,5.94,215.5,70.7,278.0,96,13,33.2,42.6,133.0,summer,partial_sun,ground,2
money_plant,foliage,clayey,6.29,228.3,35.9,367.1,100,12,16.5,27.8,103.2,winter,low_light,ground,1
cactus,foliage,loamy,5.64,142.4,57.1,316.8,96,10,38.2,46.5,166.3,spring,full_sun,pot,2
tomato,flowering,loamy,5.56,114.9,22.7,363.8,36,14,28.9,22.7,133.4,monsoon,partial_sun,ground,2
tomato,foliage,loamy,5.91,240.4,50.9,253.4,82,2,37.4,51.9,88.7,summer,full_sun,ground,1
tomato,flowering,clayey,7.39,59.9,76.4,377.6,24,9,29.2,84.1,6.8,winter,low_light,pot,0
snake_plant,flowering,sandy,7.35,292.5,65.7,142.9,79,2,38.5,82.6,67.5,winter,indirect_light,ground,2
peace_lily,foliage,loamy,6.83,270.4,85.1,305.5,36,3,22.2,41.7,50.0,winter,partial_sun,ground,1
cactus,flowering,sandy,6.04,258.9,21.2,213.7,25,1,15.5,28.7,82.7,winter,partial_sun,pot,1
basil,foliage,clayey,6.07,140.8,71.7,271.2,57,10,39.7,62.4,47.4,spring,low_light,ground,0
tomato,flowering,clayey,6.36,71.9,42.6,225.6,89,0,23.3,40.6,8.3,winter,full_sun,ground,2
rose,foliage,clayey,5.64,148.8,34.5,147.0,93,13,18.9,35.4,103.7,summer,full_sun,pot,2
cactus,flowering,loamy,6.96,193.3,47.0,396.6,42,14,20.5,81.2,49.9,spring,full_sun,ground,2
spider_plant,flowering,loamy,7.05,116.2,71.6,278.7,74,7,24.2,44.0,123.4,spring,partial_sun,ground,0
mint,flowering,loamy,7.12,118.2,78.5,211.6,29,10,16.7,32.7,191.4,monsoon,full_sun,pot,2
spider_plant,foliage,sandy,5.86,291.3,54.3,289.6,71,2,22.8,49.9,129.0,winter,full_sun,ground,2
money_plant,flowering,clayey,6.89,225.2,80.3,361.9,20,5,17.3,74.6,134.7,monsoon,partial_sun,pot,2
mint,foliage,sandy,5.76,271.7,56.0,158.4,8,10,25.4,77.9,146.7,summer,full_sun,pot,1
peace_lily,foliage,sandy,7.04,96.8,45.9,227.6,98,3,21.1,28.0,122.1,summer,partial_sun,pot,0
snake_plant,flowering,clayey,5.95,182.2,86.1,238.9,14,10,29.9,38.5,132.4,monsoon,full_sun,ground,2
rose,foliage,sandy,6.45,174.4,36.4,277.3,42,2,29.8,22.3,127.2,summer,full_sun,pot,1
spider_plant,foliage,clayey,6.74,145.6,98.7,240.0,102,2,32.0,51.5,2.7,spring,low_light,pot,0
aloe_vera,foliage,loamy,6.98,262.1,53.8,190.9,63,4,32.8,77.2,36.3,spring,indirect_light,pot,1
money_plant,flowering,loamy,7.48,193.6,31.0,306.6,43,4,33.6,25.4,179.2,summer,full_sun,pot,2
basil,flowering,clayey,6.5,76.4,72.5,346.6,51,10,34.4,87.5,40.8,spring,indirect_light,pot,1
rose,flowering,loamy,6.32,283.7,54.4,363.4,70,5,21.2,44.9,16.8,winter,low_light,pot,1
peace_lily,flowering,loamy,6.21,153.0,64.0,349.2,9,9,15.5,25.8,193.6,winter,full_sun,pot,1
basil,foliage,clayey,5.52,254.7,30.3,185.0,72,9,25.8,78.8,78.4,winter,indirect_light,ground,0
cactus,flowering,sandy,5.99,254.8,84.0,308.4,95,5,29.8,45.3,18.3,monsoon,full_sun,pot,0
rose,foliage,loamy,6.91,232.3,81.7,122.2,42,11,36.6,63.6,66.2,monsoon,partial_sun,ground,0
tomato,foliage,sandy,5.86,109.4,97.7,154.3,70,5,27.3,37.3,174.1,winter,full_sun,pot,0
rose,foliage,sandy,7.33,177.8,60.1,339.5,66,7,32.5,75.7,178.0,summer,full_sun,pot,0
basil,flowering,loamy,6.09,78.7,95.3,335.3,36,11,36.6,37.5,143.4,monsoon,low_light,ground,2
money_plant,foliage,loamy,7.21,185.4,80.7,192.1,62,12,32.8,47.0,117.7,spring,partial_sun,pot,2
aloe_vera,flowering,sandy,6.19,57.7,24.2,142.7,71,5,31.6,31.0,23.8,monsoon,partial_sun,ground,1
tomato,foliage,sandy,6.14,195.5,49.7,280.3,101,11,32.2,46.2,33.4,summer,full_sun,pot,1
peace_lily,foliage,clayey,6.97,135.3,58.3,378.7,41,8,26.6,21.0,16.3,winter,partial_sun,pot,2
tomato,foliage,sandy,6.7,275.6,50.7,164.9,34,11,16.2,77.4,165.3,monsoon,full_sun,ground,2
money_plant,foliage,loamy,6.3,232.2,82.4,135.5,98,4,32.8,45.0,50.9,monsoon,low_light,ground,2
snake_plant,flowering,clayey,7.12,70.6,68.0,245.7,18,14,38.2,81.0,157.0,winter,partial_sun,pot,2
basil,flowering,sandy,7.17,159.3,93.2,316.5,100,5,26.9,66.5,187.4,monsoon,indirect_light,ground,0
rose,foliage,clayey,6.18,143.9,27.5,273.5,87,2,26.6,58.0,57.3,winter,partial_sun,pot,0
mint,foliage,sandy,6.73,234.9,37.2,299.5,75,1,33.6,42.9,178.0,winter,indirect_light,ground,1
basil,foliage,loamy,6.63,66.4,82.0,236.0,67,5,26.0,48.1,111.9,winter,indirect_light,ground,0
peace_lily,flowering,sandy,7.22,299.4,39.3,112.1,14,0,39.0,82.4,169.8,winter,partial_sun,pot,2
money_plant,flowering,sandy,5.75,219.0,46.0,305.9,29,14,19.4,79.9,45.4,winter,low_light,ground,1
money_plant,foliage,loamy,6.89,164.5,27.4,266.0,54,1,32.6,46.1,112.7,spring,indirect_light,pot,1
rose,foliage,sandy,5.92,124.1,92.9,264.2,26,5,23.7,48.5,25.1,summer,low_light,pot,2
aloe_vera,foliage,sandy,6.86,201.9,43.6,141.0,8,3,33.5,42.1,129.0,summer,low_light,ground,1
peace_lily,foliage,clayey,5.63,269.3,51.2,262.5,37,14,16.7,65.4,14.8,summer,full_sun,ground,2
tomato,flowering,clayey,6.21,217.3,58.7,225.5,31,12,29.8,60.3,32.3,spring,full_sun,pot,2
tomato,foliage,loamy,6.18,285.7,45.9,255.6,53,0,16.6,37.8,49.4,winter,partial_sun,ground,0
cactus,foliage,clayey,6.17,84.8,83.5,286.0,95,6,29.3,89.8,150.5,summer,low_light,ground,0
aloe_vera,foliage,sandy,6.37,149.0,73.5,367.6,30,2,28.8,75.3,83.2,summer,partial_sun,pot,2
basil,foliage,sandy,6.33,250.6,58.3,105.4,41,7,15.7,87.6,25.5,winter,low_light,ground,1
aloe_vera,flowering,loamy,5.78,250.5,26.0,396.1,89,0,20.0,20.4,163.1,summer,partial_sun,pot,0
tomato,flowering,sandy,6.11,247.2,55.7,339.5,68,2,36.4,84.2,86.2,winter,partial_sun,pot,1
tomato,flowering,loamy,7.45,151.7,89.7,334.7,78,14,33.5,81.5,80.8,summer,indirect_light,ground,0
cactus,foliage,clayey,7.35,269.3,40.6,298.0,91,8,27.9,38.3,199.3,summer,low_light,ground,0
rose,flowering,sandy,7.45,151.2,27.0,119.7,21,13,26.6,42.4,95.3,monsoon,partial_sun,ground,2
snake_plant,foliage,clayey,6.4,218.0,66.7,257.7,60,11,15.1,32.2,23.4,monsoon,low_light,ground,1
aloe_vera,flowering,sandy,6.63,95.7,31.2,272.9,28,12,26.5,41.2,186.5,monsoon,full_sun,ground,2
cactus,foliage,clayey,5.87,143.1,94.3,118.5,10,14,19.1,61.7,30.1,spring,indirect_light,pot,2
snake_plant,flowering,clayey,6.43,269.8,20.4,346.0,54,13,37.7,20.1,111.2,winter,partial_sun,ground,0
peace_lily,flowering,sandy,5.63,127.7,46.0,318.9,87,10,29.0,46.8,194.3,monsoon,full_sun,pot,0
spider_plant,flowering,loamy,6.74,226.0,37.0,140.9,99,5,30.2,64.6,111.0,spring,full_sun,ground,0
money_plant,flowering,clayey,6.53,107.7,34.1,166.1,4,7,23.8,24.0,193.8,spring,indirect_light,ground,0
mint,foliage,sandy,6.43,144.9,45.3,185.7,31,9,22.9,23.0,156.2,summer,partial_sun,ground,2
basil,flowering,sandy,5.76,241.4,20.0,225.0,55,5,16.4,88.1,45.2,monsoon,full_sun,pot,1
rose,foliage,loamy,6.63,215.8,74.3,379.5,43,12,33.0,40.1,176.0,monsoon,full_sun,ground,2
tomato,flowering,sandy,6.59,226.5,97.5,306.4,59,11,36.7,78.7,85.2,monsoon,partial_sun,ground,0
mint,flowering,loamy,6.93,140.4,30.0,176.1,2,3,21.9,54.6,24.3,monsoon,low_light,ground,2
tomato,flowering,loamy,6.72,143.4,40.4,131.8,33,3,25.3,67.3,131.6,monsoon,partial_sun,pot,2
aloe_vera,foliage,clayey,6.77,91.5,90.6,228.2,28,4,29.0,56.9,143.9,monsoon,partial_sun,pot,1
tomato,flowering,loamy,6.19,208.6,74.5,259.3,91,5,21.1,67.0,152.3,spring,indirect_light,ground,0
basil,flowering,loamy,6.6,155.9,65.5,272.8,100,3,24.3,74.3,68.2,summer,full_sun,pot,0
snake_plant,flowering,clayey,6.24,187.6,83.2,195.4,58,9,35.4,52.7,15.3,spring,indirect_light,ground,2
spider_plant,foliage,sandy,7.4,287.7,65.9,289.6,70,2,30.1,58.8,42.5,summer,partial_sun,ground,0
rose,flowering,clayey,5.73,245.2,82.8,280.3,21,12,23.1,85.9,182.9,winter,partial_sun,ground,1
tomato,foliage,sandy,5.57,177.1,51.0,238.6,101,10,39.3,86.0,156.8,summer,indirect_light,ground,1
money_plant,foliage,clayey,7.35,168.0,21.1,184.8,31,5,21.5,37.3,181.3,monsoon,indirect_light,ground,1
basil,foliage,sandy,7.33,84.2,96.0,233.8,48,11,28.5,81.1,146.4,winter,indirect_light,ground,0
mint,flowering,loamy,5.93,214.7,51.5,295.4,91,13,31.4,90.0,9.6,spring,low_light,ground,0
spider_plant,flowering,clayey,7.2,230.4,38.9,176.8,28,8,32.8,27.8,87.9,spring,indirect_light,ground,0
basil,flowering,clayey,6.89,228.1,31.8,399.3,60,0,39.4,48.8,6.6,winter,partial_sun,ground,0
peace_lily,foliage,loamy,6.53,157.6,45.4,230.4,48,14,30.0,82.5,88.7,summer,partial_sun,ground,1
rose,foliage,loamy,7.04,213.7,32.1,362.8,88,4,22.1,49.8,7.5,spring,indirect_light,ground,1
peace_lily,flowering,loamy,6.79,93.7,48.9,371.8,25,0,20.9,74.6,55.0,winter,full_sun,ground,0
aloe_vera,flowering,sandy,5.9,95.1,41.0,257.6,51,5,36.7,40.8,32.5,monsoon,indirect_light,ground,2
money_plant,foliage,clayey,5.63,195.0,64.9,268.2,25,1,30.0,62.2,4.6,summer,low_light,ground,1
money_plant,foliage,clayey,7.03,51.4,20.1,213.4,29,8,15.5,52.5,188.6,spring,full_sun,ground,2
tomato,flowering,clayey,7.29,186.9,85.4,235.7,4,14,28.2,71.2,16.3,spring,low_light,ground,0
cactus,foliage,sandy,7.12,286.8,47.0,317.5,58,14,16.5,68.3,138.0,monsoon,partial_sun,pot,1
basil,flowering,loamy,6.92,293.2,86.1,309.8,29,3,39.5,63.5,111.8,monsoon,low_light,ground,1
mint,foliage,sandy,5.9,283.6,75.1,347.0,86,3,30.1,56.7,50.7,monsoon,low_light,pot,2
basil,flowering,loamy,7.47,259.7,30.0,376.3,64,5,28.0,61.4,79.8,spring,indirect_light,pot,0
spider_plant,flowering,sandy,5.7,140.1,41.6,352.8,45,3,34.7,82.4,86.8,monsoon,indirect_light,ground,1
snake_plant,foliage,sandy,6.18,67.9,52.8,193.4,39,4,28.3,78.9,116.0,monsoon,indirect_light,pot,1
aloe_vera,foliage,loamy,7.17,119.8,71.4,308.2,26,14,22.6,34.9,6.6,summer,low_light,ground,1
snake_plant,flowering,loamy,6.8,132.1,70.4,282.9,16,4,24.5,58.4,119.3,summer,low_light,ground,0
aloe_vera,flowering,sandy,6.58,117.2,49.5,368.6,10,1,34.7,51.8,126.0,spring,full_sun,pot,1
peace_lily,flowering,loamy,6.9,132.6,79.6,223.7,22,9,27.8,29.1,88.1,winter,full_sun,pot,2
tomato,flowering,clayey,6.36,274.2,25.7,386.4,37,10,24.5,33.8,95.8,monsoon,partial_sun,pot,0
tomato,foliage,clayey,7.09,58.7,66.6,398.6,51,4,28.0,24.5,166.3,winter,full_sun,pot,1
money_plant,foliage,clayey,7.13,114.5,33.7,300.6,58,1,28.9,60.0,56.0,monsoon,partial_sun,ground,0
money_plant,flowering,loamy,6.57,264.7,46.1,386.2,57,2,15.5,83.3,13.7,summer,partial_sun,pot,2
spider_plant,foliage,loamy,5.6,206.9,50.8,380.9,10,3,38.5,35.4,145.1,winter,partial_sun,ground,1
cactus,foliage,loamy,5.68,72.5,35.5,115.2,48,11,22.2,39.6,66.4,monsoon,partial_sun,ground,2
cactus,flowering,loamy,6.53,251.6,56.7,115.6,64,0,20.0,38.1,32.9,spring,partial_sun,ground,1
money_plant,foliage,loamy,5.97,63.5,35.2,111.7,14,7,35.1,43.9,88.8,spring,full_sun,pot,2
rose,foliage,sandy,6.71,207.8,67.3,310.8,5,6,27.8,27.3,76.9,monsoon,partial_sun,pot,1
aloe_vera,foliage,clayey,6.86,113.1,89.8,150.7,8,10,39.0,35.2,17.6,spring,partial_sun,pot,2
mint,flowering,clayey,6.68,129.0,70.2,342.5,26,5,37.8,60.0,36.2,spring,indirect_light,pot,2
rose,foliage,loamy,6.6,100.4,74.8,126.4,64,4,15.1,28.2,94.6,spring,indirect_light,pot,0
aloe_vera,foliage,sandy,6.12,135.0,26.3,232.8,2,9,23.6,78.4,187.1,winter,partial_sun,pot,2
spider_plant,flowering,loamy,6.73,222.0,50.0,261.6,37,5,36.2,78.8,166.5,monsoon,low_light,ground,1
aloe_vera,flowering,loamy,6.95,239.3,50.2,172.3,74,13,21.3,39.2,41.4,winter,low_light,pot,0
rose,foliage,loamy,5.54,240.2,23.4,359.4,71,4,19.3,53.4,147.6,spring,low_light,pot,2
mint,flowering,clayey,6.59,154.3,32.8,151.3,26,9,37.4,25.9,78.6,spring,low_light,ground,2
snake_plant,foliage,loamy,6.96,87.0,88.2,313.3,20,14,39.1,83.7,144.4,monsoon,indirect_light,pot,1
cactus,foliage,loamy,5.87,199.9,88.9,360.6,11,11,33.6,59.1,116.9,spring,low_light,ground,2
money_plant,foliage,clayey,5.5,89.7,57.5,383.3,100,12,36.4,56.9,165.2,spring,indirect_light,ground,0
basil,flowering,clayey,6.46,99.0,68.9,184.2,57,0,27.9,20.4,1.5,spring,partial_sun,ground,1
peace_lily,flowering,sandy,5.75,146.3,71.5,334.1,100,9,24.8,48.9,139.1,spring,low_light,ground,1
cactus,foliage,sandy,5.54,268.0,94.6,269.5,69,4,38.1,69.5,30.5,summer,partial_sun,ground,0
money_plant,foliage,sandy,5.67,251.8,88.9,345.2,74,10,15.2,61.3,122.7,spring,indirect_light,pot,1
basil,flowering,loamy,6.74,130.9,86.7,288.8,54,1,16.6,23.0,74.3,spring,partial_sun,pot,1
tomato,flowering,loamy,7.19,237.4,22.4,360.2,39,2,24.9,27.3,147.5,spring,partial_sun,ground,0
rose,foliage,loamy,6.11,213.3,95.1,361.4,40,8,34.7,66.5,52.1,monsoon,partial_sun,ground,1
peace_lily,flowering,loamy,6.15,274.5,91.0,197.6,30,6,39.9,77.8,169.0,monsoon,low_light,ground,2
cactus,flowering,sandy,7.39,286.1,89.4,290.9,85,7,31.9,60.1,25.7,summer,partial_sun,ground,0
aloe_vera,foliage,clayey,6.45,144.0,51.6,237.8,22,9,37.3,86.9,157.4,spring,full_sun,ground,1
peace_lily,flowering,loamy,7.29,297.9,24.9,364.9,63,12,37.7,60.0,132.4,summer,indirect_light,ground,0
peace_lily,flowering,sandy,5.75,179.6,39.7,207.4,44,5,32.1,86.4,28.5,monsoon,partial_sun,pot,2
peace_lily,foliage,loamy,7.32,228.5,68.6,192.8,46,9,38.9,77.5,0.3,winter,full_sun,pot,1
mint,foliage,loamy,5.55,89.0,77.3,297.7,66,8,20.5,36.2,134.4,monsoon,low_light,ground,0
money_plant,flowering,sandy,5.62,147.8,38.7,165.9,29,7,30.4,59.0,83.2,winter,indirect_light,ground,1
cactus,flowering,sandy,6.92,55.1,97.6,349.7,39,1,19.5,32.8,60.8,summer,indirect_light,pot,0
tomato,foliage,sandy,7.44,161.7,60.1,174.0,74,9,31.2,39.1,35.4,spring,indirect_light,ground,2
tomato,flowering,sandy,6.82,136.7,51.3,147.6,17,6,30.1,50.3,154.9,spring,partial_sun,pot,2
mint,flowering,loamy,5.83,286.4,88.0,300.7,99,2,31.3,58.2,12.5,summer,low_light,pot,1
rose,flowering,loamy,6.12,254.1,97.4,126.5,58,0,18.4,22.0,151.0,summer,indirect_light,pot,0
rose,flowering,sandy,5.65,296.7,41.7,129.6,32,6,32.7,63.2,31.2,winter,partial_sun,ground,2
snake_plant,flowering,loamy,6.58,240.5,86.7,232.1,43,1,21.5,33.6,11.5,spring,partial_sun,pot,1
basil,flowering,loamy,6.17,242.7,28.5,122.5,18,0,27.4,68.2,87.0,spring,full_sun,pot,0
cactus,flowering,sandy,6.58,227.3,89.7,314.2,63,3,23.5,77.0,16.0,spring,partial_sun,ground,0
rose,foliage,sandy,5.96,164.2,35.2,115.7,45,1,24.1,89.7,89.3,monsoon,low_light,pot,0
tomato,foliage,clayey,7.49,225.1,81.6,201.2,52,4,28.2,71.3,184.8,summer,full_sun,pot,2
snake_plant,flowering,loamy,5.83,91.1,85.2,299.6,27,13,24.0,81.4,78.5,spring,indirect_light,pot,0
money_plant,foliage,loamy,6.78,192.7,65.4,298.9,78,6,37.0,67.3,109.4,summer,full_sun,pot,1
basil,flowering,clayey,7.26,119.5,35.5,363.9,99,10,22.8,72.0,163.0,winter,indirect_light,ground,1
rose,foliage,loamy,7.09,164.8,87.4,330.7,85,7,16.1,63.5,69.5,monsoon,partial_sun,pot,0
rose,foliage,clayey,6.71,168.4,24.8,301.5,5,9,39.8,36.7,106.1,monsoon,full_sun,pot,1
money_plant,foliage,loamy,6.8,198.6,50.7,119.7,34,5,24.3,77.3,50.5,monsoon,full_sun,ground,0
peace_lily,foliage,clayey,6.43,203.4,33.4,397.4,60,7,38.6,65.5,121.5,summer,partial_sun,pot,0
rose,flowering,loamy,6.65,148.2,22.3,275.0,7,8,34.7,41.5,8.1,spring,partial_sun,pot,2
spider_plant,foliage,sandy,6.99,108.1,52.4,180.7,63,7,35.6,75.7,64.7,spring,partial_sun,ground,2
snake_plant,flowering,clayey,6.17,195.1,27.1,388.5,94,14,33.9,31.9,81.9,summer,full_sun,ground,0
cactus,foliage,sandy,6.64,194.8,59.2,293.4,5,11,28.8,46.1,132.3,winter,indirect_light,ground,2
spider_plant,flowering,sandy,7.01,114.7,35.5,125.2,28,0,29.0,28.1,75.3,spring,full_sun,pot,0
spider_plant,flowering,sandy,5.94,53.8,66.5,131.8,100,5,28.1,69.0,82.2,spring,low_light,pot,2
aloe_vera,flowering,sandy,7.04,155.5,48.3,387.6,66,2,17.3,74.0,13.6,monsoon,partial_sun,ground,0
mint,flowering,loamy,7.0,212.8,69.7,205.7,70,11,26.8,88.5,126.8,monsoon,indirect_light,ground,1
mint,foliage,sandy,6.35,269.2,53.4,238.6,35,13,15.0,33.0,76.8,winter,indirect_light,pot,0
aloe_vera,flowering,clayey,6.72,229.0,41.8,224.1,90,13,19.5,67.7,36.3,monsoon,partial_sun,ground,0
basil,foliage,sandy,7.18,143.3,70.6,128.6,80,8,29.5,49.8,109.6,summer,low_light,ground,2
basil,flowering,loamy,6.18,117.6,97.3,267.3,2,11,29.6,90.0,30.1,spring,indirect_light,pot,1
tomato,foliage,loamy,6.25,59.7,69.5,201.0,91,7,24.6,67.7,68.1,winter,low_light,pot,0
cactus,foliage,sandy,6.7,197.9,84.5,242.9,74,7,36.3,50.7,169.4,monsoon,indirect_light,ground,1
snake_plant,flowering,loamy,6.23,123.8,90.4,238.0,25,10,35.9,43.3,138.7,spring,partial_sun,pot,1
spider_plant,foliage,clayey,7.36,264.6,54.3,325.3,90,2,17.6,83.2,101.1,monsoon,full_sun,pot,0
snake_plant,flowering,sandy,6.19,183.1,30.1,139.8,53,1,20.0,67.1,194.0,monsoon,partial_sun,pot,0
mint,flowering,loamy,6.52,137.2,50.0,286.4,29,9,17.8,22.5,198.9,summer,low_light,pot,2
tomato,flowering,loamy,6.73,277.7,60.8,250.4,88,3,22.0,79.7,185.7,monsoon,full_sun,ground,2
basil,flowering,clayey,7.47,242.1,53.4,226.4,6,0,21.0,27.7,70.9,monsoon,low_light,ground,0
aloe_vera,flowering,loamy,7.04,175.1,54.7,174.9,97,8,22.7,60.1,65.0,spring,full_sun,pot,2
money_plant,flowering,clayey,6.79,283.6,44.3,334.6,96,8,18.8,43.0,10.9,summer,full_sun,ground,2
money_plant,flowering,loamy,7.03,85.8,72.6,292.5,31,2,34.7,83.2,53.5,summer,partial_sun,pot,2
cactus,flowering,loamy,7.3,146.0,63.5,371.9,52,6,17.9,85.8,125.5,summer,full_sun,ground,0
money_plant,flowering,loamy,6.44,188.4,65.6,163.0,48,7,21.4,53.1,8.7,monsoon,full_sun,pot,2
aloe_vera,flowering,loamy,6.09,278.0,97.4,155.6,16,8,15.0,61.9,121.5,winter,full_sun,ground,0
aloe_vera,flowering,clayey,6.27,259.8,31.6,251.7,86,2,16.8,60.2,113.2,winter,full_sun,ground,2
cactus,flowering,clayey,6.35,298.9,20.8,368.5,75,4,34.6,63.3,68.4,winter,low_light,pot,2
money_plant,foliage,sandy,6.0,118.0,80.8,234.9,78,5,16.6,54.1,6.7,spring,partial_sun,pot,1
money_plant,foliage,sandy,6.0,189.6,38.0,148.2,87,5,23.1,61.3,86.6,spring,full_sun,ground,0
snake_plant,foliage,clayey,5.86,191.0,87.3,126.8,45,8,37.3,61.6,135.8,winter,full_sun,pot,0
money_plant,flowering,loamy,6.53,279.8,59.8,397.6,102,3,20.2,85.1,23.3,summer,low_light,pot,1
basil,foliage,clayey,5.85,228.0,86.1,130.2,86,2,18.5,44.4,90.1,monsoon,partial_sun,pot,1
peace_lily,flowering,loamy,5.81,95.5,88.9,383.8,33,9,21.8,65.1,81.7,monsoon,partial_sun,ground,0
cactus,foliage,clayey,6.27,265.9,44.7,188.1,82,14,18.8,82.0,91.7,spring,full_sun,ground,2
spider_plant,foliage,loamy,6.6,222.4,31.5,278.6,92,12,38.1,24.8,86.1,spring,indirect_light,ground,1
basil,foliage,clayey,7.21,270.6,57.3,122.7,31,8,35.1,83.1,40.7,spring,partial_sun,ground,2
cactus,foliage,loamy,7.19,128.8,42.1,394.5,73,7,37.7,31.5,128.6,winter,full_sun,ground,1
basil,foliage,sandy,6.07,124.1,38.7,112.6,66,4,39.7,49.9,76.9,monsoon,indirect_light,ground,0
mint,foliage,clayey,7.01,288.2,92.6,317.3,52,7,18.6,27.2,114.2,summer,indirect_light,pot,0
spider_plant,flowering,sandy,5.84,168.7,24.4,382.7,33,3,26.0,57.1,197.1,winter,low_light,ground,2
aloe_vera,foliage,loamy,5.91,285.7,67.9,308.4,29,1,30.6,40.7,21.1,monsoon,full_sun,pot,0
spider_plant,flowering,loamy,5.86,224.1,52.9,362.3,28,12,39.3,62.1,44.8,monsoon,partial_sun,ground,0
rose,foliage,clayey,6.5,100.2,45.2,337.4,13,13,24.0,41.5,39.0,summer,low_light,pot,2
tomato,foliage,sandy,5.7,88.2,39.7,148.2,76,13,22.1,32.1,179.4,spring,partial_sun,ground,0
aloe_vera,foliage,clayey,6.04,99.7,39.7,191.9,46,5,29.7,24.7,166.3,spring,full_sun,ground,2
spider_plant,foliage,clayey,7.35,204.8,86.0,306.6,22,13,21.0,49.8,193.5,winter,low_light,pot,2
mint,flowering,loamy,5.56,161.1,60.4,135.2,95,14,31.5,60.4,173.2,monsoon,indirect_light,pot,2
tomato,foliage,clayey,5.99,72.8,45.5,131.4,4,6,29.3,24.3,6.2,summer,full_sun,ground,2
aloe_vera,foliage,sandy,5.52,167.2,44.1,279.5,100,8,22.5,72.0,9.6,spring,low_light,pot,1
snake_plant,foliage,loamy,6.95,236.5,36.0,360.4,25,11,29.1,53.0,108.6,winter,indirect_light,pot,0
rose,foliage,clayey,7.4,290.6,69.7,378.6,63,1,28.7,32.6,91.7,spring,full_sun,pot,1
money_plant,flowering,sandy,7.32,102.7,69.8,289.5,16,0,18.3,70.1,181.8,monsoon,partial_sun,pot,0
peace_lily,flowering,loamy,6.91,244.6,31.5,161.4,67,9,27.3,72.8,20.6,monsoon,low_light,ground,0
rose,foliage,clayey,5.74,290.4,77.2,385.7,81,10,37.0,76.6,135.4,monsoon,indirect_light,pot,1
tomato,foliage,sandy,7.44,233.7,76.0,355.9,92,8,32.6,55.3,165.8,monsoon,partial_sun,pot,2
tomato,foliage,clayey,6.76,183.2,70.8,235.0,39,4,28.5,26.8,48.4,spring,low_light,ground,1
money_plant,flowering,loamy,6.8,211.1,64.9,333.1,18,10,33.1,63.4,179.2,monsoon,indirect_light,ground,1
tomato,flowering,sandy,6.4,196.5,70.0,121.5,33,1,21.0,70.0,164.5,summer,indirect_light,pot,1
snake_plant,flowering,sandy,7.41,87.0,74.4,167.5,69,4,33.0,59.4,85.5,spring,low_light,pot,1
spider_plant,flowering,sandy,7.37,67.5,20.8,115.8,94,13,27.0,63.9,174.7,winter,low_light,pot,0
peace_lily,flowering,loamy,5.94,294.6,79.9,267.3,24,11,16.3,42.4,150.6,spring,indirect_light,pot,1
snake_plant,foliage,clayey,6.97,103.7,22.5,178.7,100,3,16.3,54.7,119.4,summer,low_light,ground,0
rose,foliage,loamy,7.31,54.0,82.6,137.3,79,9,30.4,79.0,19.5,summer,partial_sun,ground,1
spider_plant,flowering,clayey,6.93,198.3,24.3,236.4,19,10,31.9,46.1,188.3,winter,low_light,pot,2
tomato,flowering,loamy,6.02,159.2,67.5,121.9,83,9,15.4,78.1,146.4,monsoon,partial_sun,pot,1
basil,flowering,loamy,6.91,66.6,38.5,374.7,85,3,21.2,68.3,119.4,monsoon,low_light,ground,2
rose,foliage,clayey,6.21,239.5,21.2,134.8,70,14,16.0,79.9,140.7,winter,low_light,pot,0
mint,foliage,sandy,6.33,261.6,70.3,320.6,21,11,16.0,80.7,115.7,monsoon,low_light,ground,0
peace_lily,flowering,loamy,6.03,233.0,40.1,289.9,54,6,29.3,78.7,80.9,summer,partial_sun,ground,0
snake_plant,foliage,loamy,5.55,92.9,56.3,236.5,21,13,37.8,64.7,190.7,spring,partial_sun,ground,2
money_plant,foliage,sandy,6.46,221.5,21.4,196.9,30,8,29.5,37.8,104.3,monsoon,full_sun,pot,0
basil,flowering,clayey,5.61,133.8,84.2,101.4,42,2,25.0,57.6,184.0,monsoon,full_sun,pot,0
tomato,flowering,clayey,5.83,96.1,36.2,216.0,7,11,24.9,55.8,96.7,monsoon,partial_sun,ground,2
tomato,foliage,loamy,7.14,136.3,47.8,109.5,71,0,28.4,44.9,178.8,spring,indirect_light,pot,0